Linux 2.6.32-279.14.1.el6.x86_64 (compute-662-5.local) 	04/19/20 	_x86_64_	(48 CPU)

17:10:32    kbmemfree kbmemused  %memused kbbuffers  kbcached  kbcommit   %commit
17:10:33     64468276   1600312      2.42    254248    339664    185932      0.28
17:10:34     64467288   1601300      2.42    254248    339672    188924      0.28
17:10:35     64467300   1601288      2.42    254248    339672    188924      0.28
17:10:36     64433540   1635048      2.47    254248    344892    276808      0.41
17:10:37     64430984   1637604      2.48    254248    344608    276808      0.41
17:10:38     64462200   1606388      2.43    254248    340044    183928      0.27
17:10:39     64462164   1606424      2.43    254248    340044    183928      0.27
